"grid_label","nx","ny","n","mean_est_range","median_est_range","mean_est_sigma","median_est_sigma","mean_abs_err_range","mean_abs_err_sigma","mean_surface_rmse","mean_surface_corr"
"18x14",18,14,252,0.220255386473062,0.193075914060813,0.347998192037671,0.339836042047756,0.0424900831889048,0.0363281805831934,0.126518607454693,0.932746485482568
"24x18",24,18,432,0.226935108297247,0.226845442355848,0.339994434937771,0.324125835315226,0.0208691603444754,0.0302181270983483,0.11786160432151,0.94189741313037
