"surface_rmse","surface_corr","est_range","est_sigma","est_beta"
0.0309340627837147,0.99259862666918,0.17992224929198,0.26259213197585,0.471827940325189
