"case","n","reps","exact_mean_seconds","exact_sd_seconds","clinear_mean_seconds","clinear_sd_seconds","speedup_exact_over_clinear","exact_eval_count","objective_gap","beta_gap","range_gap","sigma_gap"
"1d_n120",120,3,0.463,0.019157244060668,2.063,0.0268514431641946,0.224430441105187,106,-1.58673245529428e-05,-0.00240847618585405,-0.00190776569879247,8.0638391065424e-05
"2d_n252",252,2,4.8015,0.634274782724335,2.221,0.00565685424949427,2.16186402521387,116,-5.46384699617875e-06,-0.000834128000618113,0.000223000676646601,0.000125987208124179
"2d_n432",432,1,10.927,NA,2.351,NA,4.6478094427903,121,-1.0257633118016e-05,-0.00180634738200013,0.000215482850359994,0.000163464184266493
